ts_code,trade_date,his_low,his_high,cost_5pct,cost_15pct,cost_50pct,cost_85pct,cost_95pct,weight_avg,winner_rate,open,high,low,close,pre_close,change,pct_chg,vol,amount,turnover_rate
603958.SH,20240924,4.4,31.2,8.0,8.4,9.6,10.0,10.4,9.36,72.95,9.85,10.25,9.71,9.93,10.09,-0.16,-1.5857,192137.17,191085.927,8.76
603958.SH,20240925,4.4,31.2,8.4,8.4,9.6,10.0,10.4,9.52,87.86,9.93,10.72,9.9,10.24,9.93,0.31,3.1219,206341.59,210482.642,9.41
603958.SH,20240926,4.4,31.2,8.4,8.8,10.0,10.4,10.8,9.79,98.38,10.52,11.18,10.16,10.95,10.24,0.71,6.9336,289870.0,310275.158,13.21
603958.SH,20240927,4.4,31.2,8.4,8.8,10.0,10.8,10.8,9.93,83.98,10.75,10.95,10.35,10.62,10.95,-0.33,-3.0137,194615.98,206541.079,8.87
603958.SH,20240930,4.4,31.2,8.4,9.2,10.4,10.8,11.2,10.23,98.33,10.78,11.46,10.4,11.36,10.62,0.74,6.968,310152.2,339160.846,14.14
603958.SH,20241008,4.4,31.2,8.4,9.6,10.8,11.6,12.0,10.61,89.5,12.31,12.44,10.97,11.68,11.36,0.32,2.8169,264375.65,309822.66,12.05
603958.SH,20241009,4.4,31.2,8.8,9.6,10.8,11.6,12.0,10.63,45.57,11.23,11.29,10.51,10.51,11.68,-1.17,-10.0171,118827.86,127318.601,5.42
603958.SH,20241010,4.4,31.2,8.8,9.6,10.4,11.6,12.0,10.59,16.84,10.27,10.41,9.69,9.97,10.51,-0.54,-5.138,112438.0,113269.363,5.13
603958.SH,20241011,4.4,31.2,8.8,9.6,10.4,11.6,12.0,10.55,16.53,9.98,10.39,9.73,9.93,9.97,-0.04,-0.4012,79002.0,79913.318,3.6
603958.SH,20241014,4.4,31.2,8.8,10.0,10.4,11.2,12.0,10.53,76.62,9.93,10.92,9.75,10.92,9.93,0.99,9.9698,159500.46,169135.591,7.27
603958.SH,20241015,4.4,31.2,9.2,10.0,10.8,11.2,12.0,10.62,73.74,10.9,11.39,10.75,10.81,10.92,-0.11,-1.0073,218926.35,241994.883,9.98
603958.SH,20241016,4.4,31.2,9.2,10.0,10.8,11.2,11.6,10.67,72.19,10.5,11.25,10.41,11.01,10.81,0.2,1.8501,148271.12,161721.265,6.76
603958.SH,20241017,4.4,31.2,9.6,10.0,10.8,11.2,11.6,10.77,89.12,10.9,11.55,10.9,11.24,11.01,0.23,2.089,186824.0,209474.849,8.52
603958.SH,20241018,4.4,31.2,9.6,10.0,10.8,11.2,11.6,10.84,88.82,11.15,11.46,10.97,11.27,11.24,0.03,0.2669,159414.97,179518.785,7.27
603958.SH,20241021,4.4,31.2,9.6,10.4,11.2,12.0,12.4,11.12,93.82,11.3,12.4,11.23,12.09,11.27,0.82,7.276,287904.43,344547.295,13.12
603958.SH,20241022,4.4,31.2,10.0,10.4,11.2,12.0,12.4,11.23,56.59,11.8,12.04,11.42,11.6,12.09,-0.49,-4.0529,195250.19,226718.084,8.9
603958.SH,20241023,4.4,31.2,10.0,10.4,11.2,12.0,12.4,11.26,29.77,11.4,11.73,11.1,11.18,11.6,-0.42,-3.6207,149935.0,170612.445,6.84
603958.SH,20241024,4.4,31.2,10.0,10.8,11.2,12.0,12.0,11.33,95.14,11.04,12.3,10.97,12.3,11.18,1.12,10.0179,205674.1,244448.448,9.38
603958.SH,20241025,4.4,31.2,10.0,10.8,11.6,12.8,13.2,11.81,98.36,12.9,13.53,12.7,13.53,12.3,1.23,10.0,320097.21,421447.44,14.59
603958.SH,20241028,4.4,31.2,10.4,11.2,12.0,14.4,14.8,12.39,98.91,14.2,14.88,13.96,14.88,13.53,1.35,9.9778,242266.3,353497.634,11.04
603958.SH,20241029,4.4,31.2,10.4,11.2,12.8,15.2,15.6,12.87,99.2,15.18,16.37,14.9,16.37,14.88,1.49,10.0134,160723.26,256651.364,7.33
603958.SH,20241030,4.4,31.2,10.8,11.6,14.8,17.2,17.6,14.47,53.36,18.0,18.01,15.28,15.4,16.37,-0.97,-5.9255,443323.45,757623.865,20.21
603958.SH,20241031,4.4,31.2,11.2,12.0,15.6,16.8,17.6,15.0,40.4,15.66,16.85,14.99,15.44,15.4,0.04,0.2597,410168.41,645503.813,18.7
603958.SH,20241101,4.4,31.2,11.2,12.4,15.6,16.8,17.2,14.92,22.89,14.5,14.88,13.9,13.9,15.44,-1.54,-9.9741,117427.98,165611.007,5.35
603958.SH,20241104,4.4,31.2,11.2,12.8,14.8,16.4,17.2,14.48,29.36,12.51,13.52,12.51,13.15,13.9,-0.75,-5.3957,249049.41,326047.503,11.35
603958.SH,20241105,4.4,31.2,11.6,12.8,14.4,16.4,17.2,14.39,31.99,13.7,14.47,13.65,13.87,13.15,0.72,5.4753,287655.26,404161.051,13.11
603958.SH,20241106,4.4,31.2,11.6,12.8,14.0,16.0,16.8,14.2,34.9,13.87,13.98,13.18,13.35,13.87,-0.52,-3.7491,207747.21,282122.75,9.47
603958.SH,20241107,4.4,31.2,11.6,12.8,13.6,16.0,16.8,14.09,38.39,13.0,13.68,12.91,13.54,13.35,0.19,1.4232,139068.0,186482.712,6.34
603958.SH,20241108,4.4,31.2,12.0,12.8,13.6,15.6,16.8,14.04,52.38,13.53,14.11,13.53,13.88,13.54,0.34,2.5111,164711.07,227496.495,7.51
603958.SH,20241111,4.4,31.2,12.4,13.2,14.0,15.6,16.8,14.04,71.94,14.0,14.3,13.66,14.28,13.88,0.4,2.8818,176581.46,248749.776,8.05
603958.SH,20241112,4.4,31.2,12.8,13.2,14.0,15.6,16.4,14.17,89.33,14.8,15.71,14.6,15.71,14.28,1.43,10.014,118433.0,182130.353,5.4
603958.SH,20241113,4.4,31.2,12.8,13.2,14.4,16.0,16.8,14.57,60.72,17.26,17.26,14.56,14.88,15.71,-0.83,-5.2833,257806.21,403472.953,11.75
603958.SH,20241114,4.4,31.2,12.8,13.2,14.4,16.0,16.8,14.53,27.77,14.87,15.13,13.73,13.77,14.88,-1.11,-7.4597,156852.93,224272.132,7.15
603958.SH,20241115,4.4,31.2,12.8,13.2,14.0,15.6,16.8,14.38,7.33,13.8,14.19,12.85,12.87,13.77,-0.9,-6.5359,159643.0,213586.861,7.28
603958.SH,20241118,4.4,31.2,12.4,12.8,14.0,15.6,16.4,14.18,2.75,13.06,13.3,12.15,12.3,12.87,-0.57,-4.4289,128304.0,159671.804,5.85
603958.SH,20241119,4.4,31.2,12.4,12.4,14.0,15.6,16.4,14.02,15.31,12.3,12.71,12.11,12.68,12.3,0.38,3.0894,99672.0,123841.524,4.54
603958.SH,20241120,4.4,31.2,12.4,12.4,13.6,15.6,16.4,13.92,29.27,12.57,13.08,12.5,12.93,12.68,0.25,1.9716,96888.0,124210.28,4.42
603958.SH,20241121,4.4,31.2,12.4,12.4,13.6,15.2,16.4,13.8,17.83,12.9,12.9,12.56,12.75,12.93,-0.18,-1.3921,105168.39,133612.29,4.79
603958.SH,20241122,4.4,31.2,12.4,12.4,13.2,15.2,16.4,13.69,3.5,12.63,12.9,12.12,12.16,12.75,-0.59,-4.6275,94912.0,118939.113,4.33
603958.SH,20241125,4.4,31.2,12.0,12.4,13.2,15.2,16.4,13.62,5.65,12.47,12.5,12.02,12.37,12.16,0.21,1.727,58175.0,71142.802,2.65
603958.SH,20241126,4.4,31.2,12.0,12.4,13.2,15.2,16.4,13.53,28.77,12.37,12.9,12.3,12.7,12.37,0.33,2.6677,96352.0,121727.526,4.39
603958.SH,20241127,4.4,31.2,12.0,12.4,12.8,14.8,16.0,13.38,10.88,12.89,12.98,11.7,12.4,12.7,-0.3,-2.3622,129700.0,157798.004,5.91
603958.SH,20241128,4.4,31.2,12.0,12.4,12.8,14.4,16.0,13.29,11.04,12.39,12.73,12.21,12.3,12.4,-0.1,-0.8065,96266.0,120133.971,4.39
603958.SH,20241129,4.4,31.2,12.0,12.0,12.8,14.4,16.0,13.21,15.09,12.25,12.45,11.98,12.29,12.3,-0.01,-0.0813,86099.0,105341.977,3.93
603958.SH,20241202,4.4,31.2,12.0,12.4,12.8,14.4,16.0,13.15,46.94,12.3,12.6,12.3,12.57,12.29,0.28,2.2783,74457.0,92896.37,3.39
603958.SH,20241203,4.4,31.2,12.0,12.4,12.8,14.4,16.0,13.11,49.57,12.59,12.78,12.31,12.65,12.57,0.08,0.6364,71479.0,89897.135,3.26
603958.SH,20241204,4.4,31.2,12.0,12.4,12.4,14.0,15.6,13.07,14.66,12.66,12.66,12.17,12.24,12.65,-0.41,-3.2411,54385.0,67564.493,2.48
603958.SH,20241205,4.4,31.2,12.0,12.0,12.4,14.0,15.6,13.04,53.05,12.25,12.5,12.16,12.48,12.24,0.24,1.9608,42039.0,51970.659,1.92
603958.SH,20241206,4.4,31.2,12.0,12.0,12.4,14.0,15.6,13.02,54.69,12.39,12.67,12.27,12.63,12.48,0.15,1.2019,52092.0,65056.366,2.37
603958.SH,20241209,4.4,31.2,12.0,12.0,12.4,14.0,15.6,12.99,15.29,12.7,12.8,12.26,12.4,12.63,-0.23,-1.8211,52495.0,65578.274,2.39
603958.SH,20241210,4.4,31.2,12.0,12.4,12.8,14.0,15.6,13.03,76.65,12.68,13.64,12.59,13.5,12.4,1.1,8.871,192357.0,257505.058,8.77
603958.SH,20241211,4.4,31.2,12.0,12.4,12.8,14.4,15.2,13.25,94.18,13.32,14.85,13.11,14.85,13.5,1.35,10.0,234518.39,336644.084,10.69
603958.SH,20241226,4.4,31.2,12.0,12.4,12.8,14.4,15.6,13.27,97.84,16.34,16.34,16.34,16.34,14.85,1.49,10.0337,8396.0,13719.064,0.38
603958.SH,20241227,4.4,31.2,12.0,12.4,13.2,14.4,16.0,13.35,99.21,17.97,17.97,17.97,17.97,16.34,1.63,9.9755,19115.0,34349.655,0.87
603958.SH,20241230,4.4,31.2,12.0,12.4,13.6,18.4,19.2,14.53,99.43,17.97,19.77,17.97,19.77,17.97,1.8,10.0167,236174.03,445486.164,10.77
603958.SH,20241231,4.4,31.2,12.0,12.4,14.8,19.6,20.4,16.01,55.53,20.8,21.75,17.79,17.79,19.77,-1.98,-10.0152,319145.98,613401.63,14.55
603958.SH,20250102,4.4,31.2,12.4,12.8,16.4,19.2,20.4,16.19,40.23,16.01,17.56,16.01,16.01,17.79,-1.78,-10.0056,307282.88,505655.217,14.01
603958.SH,20250103,4.4,31.2,12.4,12.8,16.0,19.2,20.0,15.97,32.0,16.2,16.2,14.41,14.41,16.01,-1.6,-9.9938,227945.0,336145.166,10.39
603958.SH,20250106,4.4,31.2,12.4,13.2,15.2,18.8,20.0,15.62,26.91,13.98,14.6,13.43,13.93,14.41,-0.48,-3.331,179290.34,250092.335,8.17
603958.SH,20250107,4.4,31.2,12.4,13.2,14.8,18.8,20.0,15.47,38.06,14.0,14.49,13.78,14.15,13.93,0.22,1.5793,117908.1,166206.213,5.38
603958.SH,20250108,4.4,31.2,12.4,13.6,14.4,18.0,19.6,15.2,30.81,14.15,14.15,13.23,13.66,14.15,-0.49,-3.4629,171487.0,233248.259,7.82
603958.SH,20250109,4.4,31.2,12.4,13.6,14.0,17.6,19.6,15.07,32.47,13.62,14.5,13.51,13.78,13.66,0.12,0.8785,105187.98,146000.106,4.8
603958.SH,20250110,4.4,31.2,12.4,13.2,14.0,17.2,19.6,14.89,6.16,13.67,13.89,12.72,12.75,13.78,-1.03,-7.4746,108512.0,143882.139,4.95
603958.SH,20250113,4.4,31.2,12.4,12.8,14.0,16.8,19.6,14.71,12.18,12.75,12.75,12.1,12.53,12.75,-0.22,-1.7255,81104.02,100683.267,3.7
603958.SH,20250114,4.4,31.2,12.4,12.8,14.0,16.8,19.2,14.54,31.98,12.8,13.5,12.79,13.33,12.53,0.8,6.3847,103202.0,135724.717,4.7
603958.SH,20250115,4.4,31.2,12.4,12.8,13.6,16.8,19.2,14.45,21.14,13.36,13.52,13.1,13.12,13.33,-0.21,-1.5754,72071.0,95803.802,3.29
603958.SH,20250116,4.4,31.2,12.4,12.8,13.6,16.4,19.2,14.39,38.39,13.19,13.53,13.08,13.21,13.12,0.09,0.686,58582.0,77914.443,2.67
603958.SH,20250117,4.4,31.2,12.4,12.8,13.6,16.4,19.2,14.33,21.81,13.2,13.29,12.8,12.87,13.21,-0.34,-2.5738,51963.0,67305.741,2.37
603958.SH,20250120,4.4,31.2,12.4,12.8,13.6,16.4,19.2,14.25,23.12,12.9,13.26,12.82,13.05,12.87,0.18,1.3986,65243.02,85139.793,2.97
603958.SH,20250121,4.4,31.2,12.4,12.8,13.6,16.4,19.2,14.17,26.59,13.13,13.14,12.68,12.99,13.05,-0.06,-0.4598,59036.0,76171.029,2.69
603958.SH,20250122,4.4,31.2,12.4,12.8,13.6,16.0,18.8,14.12,10.93,12.98,12.98,12.5,12.58,12.99,-0.41,-3.1563,42529.0,53758.825,1.94
603958.SH,20250123,4.4,31.2,12.4,12.8,13.2,16.0,18.8,14.05,12.45,12.68,12.98,12.5,12.5,12.58,-0.08,-0.6359,50311.0,64282.456,2.29
603958.SH,20250124,4.4,31.2,12.4,12.4,13.2,15.6,18.8,13.99,15.04,12.6,12.61,12.29,12.56,12.5,0.06,0.48,37762.02,47084.039,1.72
603958.SH,20250127,4.4,31.2,12.4,12.4,13.2,15.6,18.8,13.94,16.15,12.63,12.85,12.43,12.5,12.56,-0.06,-0.4777,42106.02,53305.72,1.92
603958.SH,20250205,4.4,31.2,12.4,12.4,13.2,15.2,18.8,13.9,18.02,12.79,12.79,12.48,12.68,12.5,0.18,1.44,34853.02,44024.99,1.59
603958.SH,20250206,4.4,31.2,12.4,12.4,13.2,15.2,18.8,13.85,40.91,12.8,13.09,12.57,13.07,12.68,0.39,3.0757,48224.02,62429.941,2.2
603958.SH,20250207,4.4,31.2,12.4,12.4,13.2,14.8,18.4,13.82,58.57,13.0,13.66,13.0,13.28,13.07,0.21,1.6067,69750.02,93373.456,3.18
603958.SH,20250210,4.4,31.2,12.4,12.4,13.2,14.8,18.4,13.83,84.42,13.44,14.61,13.35,14.61,13.28,1.33,10.0151,91396.0,128882.222,4.17
603958.SH,20250211,4.4,31.2,12.4,12.8,13.6,14.8,17.6,13.98,66.55,14.76,15.33,14.15,14.21,14.61,-0.4,-2.7379,180787.0,264319.57,8.24
603958.SH,20250212,4.4,31.2,12.4,12.8,14.0,14.8,17.2,14.06,74.82,14.3,15.3,14.12,14.66,14.21,0.45,3.1668,127190.0,185588.317,5.8
603958.SH,20250213,4.4,31.2,12.4,12.8,14.0,14.8,16.8,14.08,58.38,14.64,14.64,14.13,14.29,14.66,-0.37,-2.5239,81804.8,117059.902,3.73
603958.SH,20250214,4.4,31.2,12.4,12.8,14.0,14.8,16.8,14.07,59.25,14.27,14.27,14.02,14.1,14.29,-0.19,-1.3296,57483.0,81171.286,2.62
603958.SH,20250217,4.4,31.2,12.4,12.8,14.0,14.8,16.8,14.08,58.45,14.19,14.46,14.17,14.38,14.1,0.28,1.9858,57102.0,81818.946,2.6
603958.SH,20250218,4.4,31.2,12.4,12.8,14.0,14.8,16.8,14.09,39.9,14.45,14.48,13.68,13.71,14.38,-0.67,-4.6592,53163.0,74459.576,2.42
603958.SH,20250219,4.4,31.2,12.4,12.8,14.0,14.8,16.4,14.09,60.41,13.79,14.37,13.64,14.2,13.71,0.49,3.574,67447.0,94951.209,3.07
603958.SH,20250220,4.4,31.2,12.4,12.8,14.0,14.8,16.4,14.11,57.87,14.5,14.8,14.18,14.3,14.2,0.1,0.7042,93967.45,135264.103,4.28
603958.SH,20250221,4.4,31.2,12.4,12.8,14.0,14.8,16.4,14.12,58.12,14.26,14.4,13.94,14.08,14.3,-0.22,-1.5385,60779.0,85507.485,2.77
603958.SH,20250224,4.4,31.2,12.4,12.8,14.0,14.8,16.0,14.1,34.0,13.98,14.14,13.8,13.94,14.08,-0.14,-0.9943,52263.08,72923.062,2.38
603958.SH,20250225,4.4,31.2,12.4,13.2,14.0,14.8,15.6,14.14,80.55,13.94,14.9,13.76,14.44,13.94,0.5,3.5868,128040.0,185283.779,5.84
603958.SH,20250226,4.4,31.2,12.4,13.2,14.0,14.8,15.2,14.17,79.02,14.53,14.85,14.32,14.42,14.44,-0.02,-0.1385,91050.0,132288.519,4.15
603958.SH,20250227,4.4,31.2,12.4,13.2,14.4,14.8,15.2,14.21,77.04,14.33,15.33,13.97,14.78,14.42,0.36,2.4965,105178.45,153061.79,4.79
603958.SH,20250228,4.4,31.2,12.8,13.2,14.4,14.8,16.0,14.28,96.24,14.87,16.26,14.87,16.26,14.78,1.48,10.0135,51761.0,82831.946,2.36
603958.SH,20250303,4.4,31.2,12.8,13.6,14.4,16.0,16.8,14.72,77.53,16.95,17.33,15.23,15.68,16.26,-0.58,-3.567,239899.53,385671.324,10.94
603958.SH,20250304,4.4,31.2,12.8,13.6,14.4,16.0,16.8,14.75,74.78,15.3,15.52,14.66,15.22,15.68,-0.46,-2.9337,122683.97,184478.785,5.59
603958.SH,20250305,4.4,31.2,12.8,14.0,14.8,16.0,16.8,14.9,93.47,15.53,16.74,14.91,16.74,15.22,1.52,9.9869,144853.86,232093.712,6.6
603958.SH,20250306,4.4,31.2,13.2,14.0,15.6,17.2,18.0,15.66,85.3,16.68,18.41,16.32,17.26,16.74,0.52,3.1063,340988.61,591514.444,15.54
603958.SH,20250307,4.4,31.2,13.2,14.4,16.4,17.6,18.0,16.01,69.31,17.0,18.29,16.25,16.82,17.26,-0.44,-2.5492,269793.56,463287.454,12.3
603958.SH,20250310,4.4,31.2,13.6,14.4,16.8,17.6,18.0,16.18,65.85,16.88,17.9,16.55,16.94,16.82,0.12,0.7134,176135.95,299763.978,8.03
603958.SH,20250311,4.4,31.2,13.6,14.4,16.8,17.6,18.0,16.37,99.03,16.78,18.63,16.6,18.63,16.94,1.69,9.9764,129759.51,235654.842,5.92
603958.SH,20250312,4.4,31.2,14.0,14.8,17.2,19.6,20.0,17.27,99.45,19.77,20.49,18.59,20.49,18.63,1.86,9.9839,319206.9,624718.578,14.55
603958.SH,20250313,4.4,31.2,14.4,16.4,19.2,21.2,22.0,18.77,58.72,20.49,22.54,18.99,19.73,20.49,-0.76,-3.7091,448586.9,951036.678,20.45
603958.SH,20250314,4.4,31.2,14.4,16.8,18.4,21.2,22.0,18.62,35.63,18.52,18.78,17.76,17.76,19.73,-1.97,-9.9848,205262.86,368506.492,9.36
603958.SH,20250317,4.4,31.2,14.8,16.8,18.0,20.8,21.6,18.31,13.36,16.69,17.31,16.69,16.73,17.76,-1.03,-5.7995,205680.54,347523.428,9.38
603958.SH,20250318,4.4,31.2,14.8,16.8,17.6,20.8,21.6,18.12,46.64,16.91,17.37,16.71,17.33,16.73,0.6,3.5864,148398.51,253672.049,6.77
603958.SH,20250319,4.4,31.2,15.2,16.8,18.0,20.4,21.6,18.13,61.83,17.45,18.98,17.35,18.07,17.33,0.74,4.2701,169771.12,306426.775,7.74
603958.SH,20250320,4.4,31.2,15.6,16.8,18.0,20.0,21.6,18.12,62.93,17.9,18.59,17.4,18.18,18.07,0.11,0.6087,124271.04,225771.667,5.67
603958.SH,20250321,4.4,31.2,16.0,16.8,18.0,20.0,21.2,18.15,58.44,18.01,18.88,17.88,18.21,18.18,0.03,0.165,140820.9,259701.111,6.42
603958.SH,20250324,4.4,31.2,16.4,16.8,18.0,19.6,21.2,18.12,42.33,18.11,18.6,17.24,17.81,18.21,-0.4,-2.1966,122473.46,220114.014,5.58
603958.SH,20250325,4.4,31.2,16.4,16.8,18.0,19.2,21.2,18.05,18.29,17.81,17.87,17.06,17.18,17.81,-0.63,-3.5373,83244.0,144610.638,3.79
603958.SH,20250326,4.4,31.2,16.4,16.8,18.0,19.2,21.2,18.0,19.79,17.1,17.48,16.83,16.86,17.18,-0.32,-1.8626,63889.02,109094.296,2.91
603958.SH,20250327,4.4,31.2,16.4,16.8,17.6,19.2,21.2,17.93,6.88,17.0,17.18,16.56,16.64,16.86,-0.22,-1.3049,59039.99,99512.594,2.69
603958.SH,20250328,4.4,31.2,16.4,16.8,17.6,18.8,21.2,17.88,8.35,16.79,16.8,16.42,16.67,16.64,0.03,0.1803,43079.89,71563.49,1.96
603958.SH,20250331,4.4,31.2,16.0,16.8,17.6,18.8,21.2,17.8,6.3,16.7,17.05,15.99,16.19,16.67,-0.48,-2.8794,59500.1,97387.275,2.71
603958.SH,20250401,4.4,31.2,16.0,16.8,17.6,18.8,20.8,17.72,60.04,16.18,17.81,16.01,17.81,16.19,1.62,10.0062,90781.0,153072.736,4.14
603958.SH,20250402,4.4,31.2,16.4,16.8,18.0,19.2,20.4,17.97,90.66,18.66,19.59,18.33,19.45,17.81,1.64,9.2083,253203.49,483808.981,11.54
603958.SH,20250403,4.4,31.2,16.4,16.8,18.0,19.2,20.4,18.09,80.41,18.38,19.9,18.38,19.09,19.45,-0.36,-1.8509,133647.49,255926.967,6.09
603958.SH,20250407,4.4,31.2,16.4,16.8,18.0,19.2,20.4,18.04,20.87,17.56,18.35,17.18,17.18,19.09,-1.91,-10.0052,75470.0,132564.031,3.44
603958.SH,20250408,4.4,31.2,16.4,16.8,18.0,19.2,20.0,17.92,11.97,16.71,17.3,16.1,16.5,17.18,-0.68,-3.9581,100041.0,166241.489,4.56
603958.SH,20250409,4.4,31.2,16.0,16.4,17.6,19.2,20.0,17.77,17.89,16.85,16.99,15.02,16.78,16.5,0.28,1.697,85861.0,137896.455,3.91
603958.SH,20250410,4.4,31.2,16.0,16.4,17.6,18.8,19.6,17.77,53.36,17.5,18.25,17.34,17.82,16.78,1.04,6.1979,88533.97,158835.938,4.04
603958.SH,20250411,4.4,31.2,16.0,16.8,18.0,18.8,19.6,17.84,86.03,17.25,19.53,17.25,18.91,17.82,1.09,6.1167,128317.36,239249.033,5.85
603958.SH,20250414,4.4,31.2,16.0,16.8,18.0,19.2,19.6,17.97,90.73,19.1,19.82,19.1,19.35,18.91,0.44,2.3268,94659.0,183497.932,4.32
603958.SH,20250415,4.4,31.2,16.0,16.8,18.0,19.2,19.6,18.04,78.01,19.34,19.52,18.72,18.86,19.35,-0.49,-2.5323,84212.0,160771.65,3.84
603958.SH,20250416,4.4,31.2,16.0,16.8,18.0,19.2,19.6,18.06,50.83,18.66,19.1,17.79,18.27,18.86,-0.59,-3.1283,78971.0,144781.448,3.6
603958.SH,20250417,4.4,31.2,16.0,16.8,18.0,19.2,19.6,18.07,50.53,18.42,18.55,18.14,18.16,18.27,-0.11,-0.6021,47257.0,86448.348,2.15
603958.SH,20250418,4.4,31.2,16.0,16.8,18.0,19.2,19.6,18.08,50.38,18.16,18.87,17.8,18.1,18.16,-0.06,-0.3304,69418.0,127309.457,3.16
603958.SH,20250421,4.4,31.2,16.4,16.8,18.0,19.2,19.6,18.07,52.6,18.11,18.21,17.7,18.1,18.1,0.0,0.0,56049.0,100597.778,2.56
603958.SH,20250422,4.4,31.2,16.4,16.8,18.0,19.2,19.6,18.06,35.75,17.92,18.1,17.6,17.64,18.1,-0.46,-2.5414,44049.0,78296.772,2.01
603958.SH,20250423,4.4,31.2,16.4,16.8,18.0,19.2,19.6,18.04,37.37,17.8,17.97,17.61,17.9,17.64,0.26,1.4739,45121.0,80234.476,2.06
603958.SH,20250424,4.4,31.2,16.4,16.8,18.0,19.2,19.6,17.99,16.54,17.94,18.24,16.77,17.0,17.9,-0.9,-5.0279,76067.0,131865.82,3.47
603958.SH,20250425,4.4,31.2,16.4,16.8,18.0,18.8,19.6,17.95,18.43,17.11,17.34,16.7,17.01,17.0,0.01,0.0588,44915.0,76396.125,2.05
603958.SH,20250428,4.4,31.2,16.4,16.8,18.0,18.8,19.6,17.9,8.63,17.17,17.3,16.67,16.71,17.01,-0.3,-1.7637,45240.0,76203.179,2.06
603958.SH,20250429,4.4,31.2,16.4,16.8,18.0,18.8,19.6,17.88,65.08,16.86,18.38,16.72,18.38,16.71,1.67,9.994,84682.0,151470.02,3.86
603958.SH,20250430,4.4,31.2,16.4,16.8,18.0,18.8,19.2,17.91,62.86,18.6,18.65,18.01,18.07,18.38,-0.31,-1.6866,113231.0,207670.518,5.16
603958.SH,20250506,4.4,31.2,16.4,16.8,18.0,18.8,19.2,17.93,61.86,18.2,18.46,18.17,18.4,18.07,0.33,1.8262,57504.0,105255.575,2.62
603958.SH,20250507,4.4,31.2,16.4,16.8,18.0,18.8,19.2,17.97,78.07,18.65,18.95,18.33,18.75,18.4,0.35,1.9022,72685.0,135021.618,3.31
603958.SH,20250508,4.4,31.2,16.4,16.8,18.0,18.8,19.2,18.01,89.34,18.58,19.09,18.53,18.93,18.75,0.18,0.96,58055.0,109807.315,2.65
603958.SH,20250509,4.4,31.2,16.4,17.2,18.0,18.8,19.2,18.07,87.66,19.01,19.48,18.77,18.87,18.93,-0.06,-0.317,68311.0,129947.007,3.11
603958.SH,20250512,4.4,31.2,16.4,17.2,18.4,19.2,19.6,18.21,89.89,18.86,20.2,18.83,19.54,18.87,0.67,3.5506,98216.15,192605.767,4.48
603958.SH,20250513,4.4,31.2,16.8,17.2,18.4,19.2,19.6,18.3,26.4,19.79,20.1,17.6,17.75,19.54,-1.79,-9.1607,167456.0,309616.537,7.63
603958.SH,20250514,4.4,31.2,16.8,17.2,18.4,19.2,19.6,18.26,46.69,17.93,18.23,17.6,18.05,17.75,0.3,1.6901,91630.0,163713.63,4.18
603958.SH,20250515,4.4,31.2,16.8,17.6,18.4,19.2,19.6,18.25,26.81,18.25,18.4,17.88,17.92,18.05,-0.13,-0.7202,60167.0,108558.151,2.74
603958.SH,20250516,4.4,31.2,16.8,17.6,18.4,19.2,19.6,18.24,48.51,17.92,18.47,17.62,18.23,17.92,0.31,1.7299,67818.0,123303.557,3.09
603958.SH,20250519,4.4,31.2,16.8,17.6,18.4,19.2,19.6,18.26,67.31,18.53,18.93,18.09,18.75,18.23,0.52,2.8524,73799.0,136521.164,3.36
603958.SH,20250520,4.4,31.2,16.8,17.6,18.4,19.2,19.6,18.29,83.08,18.75,19.17,18.56,19.08,18.75,0.33,1.76,59655.0,112935.982,2.72
603958.SH,20250521,4.4,31.2,16.8,17.6,18.4,19.2,19.6,18.31,83.28,18.94,19.09,18.67,18.96,19.08,-0.12,-0.6289,49548.0,93549.207,2.26
603958.SH,20250522,4.4,31.2,16.8,17.6,18.4,19.2,19.6,18.33,61.41,18.96,19.13,18.61,18.7,18.96,-0.26,-1.3713,35815.0,67281.155,1.63
603958.SH,20250523,4.4,31.2,16.8,17.6,18.4,19.2,19.6,18.33,61.43,18.69,19.0,18.35,18.5,18.7,-0.2,-1.0695,42541.0,79354.997,1.94
603958.SH,20250526,4.4,31.2,16.8,17.6,18.4,19.2,19.6,18.33,62.96,18.58,18.58,18.01,18.41,18.5,-0.09,-0.4865,51313.0,93463.045,2.34
603958.SH,20250527,4.4,31.2,16.8,17.6,18.4,18.8,19.6,18.32,39.9,18.39,18.39,18.1,18.29,18.41,-0.12,-0.6518,24862.0,45402.74,1.13
603958.SH,20250528,4.4,31.2,16.8,17.6,18.4,18.8,19.6,18.32,40.02,18.46,18.58,18.21,18.38,18.29,0.09,0.4921,32530.0,59852.365,1.48
603958.SH,20250529,4.4,31.2,16.8,17.6,18.4,18.8,19.6,18.33,64.59,18.35,18.86,18.25,18.67,18.38,0.29,1.5778,38694.0,72129.301,1.76
603958.SH,20250530,4.4,31.2,16.8,17.6,18.4,18.8,19.6,18.34,64.52,18.73,18.89,18.26,18.49,18.67,-0.18,-0.9641,33578.0,62030.284,1.53
603958.SH,20250603,4.4,31.2,16.8,17.6,18.4,19.2,19.6,18.37,84.92,18.47,19.2,18.4,18.87,18.49,0.38,2.0552,58501.0,110448.595,2.67
603958.SH,20250604,4.4,31.2,16.8,17.6,18.4,19.2,19.6,18.39,84.43,18.87,19.19,18.87,19.05,18.87,0.18,0.9539,50414.0,95954.042,2.3
603958.SH,20250605,4.4,31.2,16.8,18.0,18.4,19.2,19.6,18.43,81.76,18.98,19.8,18.86,19.05,19.05,0.0,0.0,54103.0,103331.352,2.47
603958.SH,20250606,4.4,31.2,16.8,18.0,18.4,19.2,19.6,18.44,81.93,19.04,19.12,18.65,18.84,19.05,-0.21,-1.1024,36194.0,68226.304,1.65
603958.SH,20250609,4.4,31.2,17.2,18.0,18.4,19.2,19.6,18.47,93.35,18.93,19.44,18.91,19.43,18.84,0.59,3.1316,56873.86,109126.665,2.59
603958.SH,20250610,4.4,31.2,17.2,18.0,18.8,19.2,20.0,18.58,94.71,19.5,20.06,19.2,19.98,19.43,0.55,2.8307,93457.0,185340.266,4.26
603958.SH,20250611,4.4,31.2,17.2,18.0,18.8,19.6,20.0,18.66,89.95,20.02,20.3,19.81,19.88,19.98,-0.1,-0.5005,63108.0,126282.833,2.88
603958.SH,20250612,4.4,31.2,17.2,18.0,18.8,19.6,20.0,18.7,78.91,19.96,19.97,19.21,19.24,19.88,-0.64,-3.2193,64389.0,125293.87,2.94
603958.SH,20250613,4.4,31.2,17.2,18.0,18.8,19.6,20.0,18.7,42.34,19.22,19.22,18.15,18.46,19.24,-0.78,-4.0541,82841.0,152694.434,3.78
603958.SH,20250616,4.4,31.2,17.2,18.0,18.8,19.6,20.0,18.72,80.68,18.36,19.64,18.36,19.36,18.46,0.9,4.8754,81501.0,155301.465,3.72
603958.SH,20250617,4.4,31.2,17.2,18.0,18.8,19.6,20.0,18.73,64.55,19.35,19.46,18.91,19.04,19.36,-0.32,-1.6529,49186.0,93882.807,2.24
603958.SH,20250618,4.4,31.2,17.6,18.0,18.8,19.6,20.0,18.75,62.46,19.33,19.56,19.01,19.1,19.04,0.06,0.3151,44148.0,85007.505,2.01
603958.SH,20250619,4.4,31.2,17.6,18.0,18.8,19.6,20.0,18.74,19.29,19.1,19.1,18.3,18.4,19.1,-0.7,-3.6649,46238.0,86038.705,2.11
603958.SH,20250620,4.4,31.2,17.6,18.0,18.8,19.6,20.0,18.73,39.49,18.26,18.84,18.2,18.45,18.4,0.05,0.2717,41680.0,77067.416,1.9
603958.SH,20250623,4.4,31.2,17.6,18.0,18.8,19.6,20.0,18.77,62.32,18.65,20.18,18.5,19.1,18.45,0.65,3.523,70805.86,136100.661,3.23
603958.SH,20250624,4.4,31.2,17.6,18.0,18.8,19.6,20.0,18.87,97.19,19.15,20.45,18.81,20.34,19.1,1.24,6.4921,112978.86,223746.265,5.15
603958.SH,20250625,4.4,31.2,17.6,18.4,18.8,19.6,20.0,18.88,31.54,19.95,19.98,18.4,18.74,20.34,-1.6,-7.8663,194064.05,363560.38,8.85
603958.SH,20250626,4.4,31.2,17.6,18.0,18.8,19.6,20.0,18.81,16.58,18.47,18.57,18.02,18.16,18.74,-0.58,-3.095,124554.0,227165.112,5.68
603958.SH,20250627,4.4,31.2,17.6,18.0,18.8,19.6,20.0,18.74,22.48,18.24,18.35,17.65,18.06,18.16,-0.1,-0.5507,90862.0,163631.257,4.14
603958.SH,20250630,4.4,31.2,17.6,18.0,18.8,19.6,20.0,18.69,7.86,18.15,18.2,17.77,17.93,18.06,-0.13,-0.7198,60650.31,108359.428,2.76
603958.SH,20250701,4.4,31.2,17.6,18.0,18.8,19.6,20.0,18.66,29.09,17.9,18.18,17.7,18.1,17.93,0.17,0.9481,47791.21,86094.468,2.18
603958.SH,20250702,4.4,31.2,17.6,18.0,18.4,19.6,20.0,18.63,9.38,18.07,18.07,17.81,17.96,18.1,-0.14,-0.7735,39616.1,70843.148,1.81
603958.SH,20250703,4.4,31.2,17.6,18.0,18.4,19.6,20.0,18.6,32.94,17.96,18.4,17.87,18.24,17.96,0.28,1.559,52449.0,95157.943,2.39
603958.SH,20250704,4.4,31.2,17.6,18.0,18.4,19.2,20.0,18.57,10.79,18.17,18.17,17.81,17.86,18.24,-0.38,-2.0833,45209.0,81161.029,2.06
603958.SH,20250707,4.4,31.2,17.6,18.0,18.4,19.2,20.0,18.55,12.52,17.86,17.98,17.62,17.71,17.86,-0.15,-0.8399,29372.0,51958.698,1.34
603958.SH,20250708,4.4,31.2,17.6,18.0,18.4,19.2,20.0,18.53,13.51,17.71,18.05,17.7,17.85,17.71,0.14,0.7905,34463.0,61697.45,1.57
603958.SH,20250709,4.4,31.2,17.6,17.6,18.4,19.2,20.0,18.5,15.4,17.9,17.96,17.67,17.68,17.85,-0.17,-0.9524,33537.0,59524.17,1.53
603958.SH,20250710,4.4,31.2,17.2,17.6,18.4,19.2,20.0,18.44,1.86,17.62,17.67,17.02,17.2,17.68,-0.48,-2.7149,60473.31,104136.876,2.76
603958.SH,20250711,4.4,31.2,17.2,17.6,18.4,19.2,20.0,18.4,7.99,17.14,17.44,17.02,17.28,17.2,0.08,0.4651,31512.0,54183.226,1.44
603958.SH,20250714,4.4,31.2,16.8,17.6,18.4,19.2,20.0,18.31,2.45,17.09,17.22,16.68,16.78,17.28,-0.5,-2.8935,60345.0,101243.329,2.75
603958.SH,20250715,4.4,31.2,16.8,17.2,18.0,19.2,19.6,18.26,3.77,16.71,16.95,16.55,16.8,16.78,0.02,0.1192,34479.0,57683.742,1.57
603958.SH,20250716,4.4,31.2,16.8,17.2,18.0,19.2,19.6,18.22,11.74,16.94,16.94,16.7,16.85,16.8,0.05,0.2976,26915.0,45415.578,1.23
603958.SH,20250717,4.4,31.2,16.4,17.2,18.0,19.2,19.6,18.17,5.29,16.85,16.93,16.63,16.71,16.85,-0.14,-0.8309,35200.0,58855.231,1.6
603958.SH,20250718,4.4,31.2,16.4,16.8,18.0,19.2,19.6,18.1,8.86,16.68,16.71,16.21,16.48,16.71,-0.23,-1.3764,47353.0,77770.561,2.16
603958.SH,20250721,4.4,31.2,16.4,16.8,18.0,19.2,19.6,18.02,12.17,16.46,16.69,16.11,16.56,16.48,0.08,0.4854,45961.0,75622.558,2.1
603958.SH,20250722,4.4,31.2,16.4,16.8,18.0,19.2,19.6,17.98,1.93,16.57,16.6,16.37,16.39,16.56,-0.17,-1.0266,30758.0,50525.77,1.4
603958.SH,20250723,4.4,31.2,16.4,16.4,18.0,19.2,19.6,17.91,17.27,16.3,16.67,16.23,16.53,16.39,0.14,0.8542,44230.0,72550.666,2.02
603958.SH,20250724,4.4,31.2,16.4,16.4,18.0,19.2,19.6,17.89,18.47,16.5,16.55,16.41,16.5,16.53,-0.03,-0.1815,22587.0,37237.494,1.03
603958.SH,20250725,4.4,31.2,16.4,16.4,18.0,19.2,19.6,17.84,19.34,16.49,16.82,16.42,16.69,16.5,0.19,1.1515,37399.0,62317.036,1.7
603958.SH,20250728,4.4,31.2,16.4,16.4,18.0,19.2,19.6,17.81,19.97,16.89,16.89,16.63,16.76,16.69,0.07,0.4194,28071.0,46973.617,1.28
603958.SH,20250729,4.4,31.2,16.4,16.4,18.0,19.2,19.6,17.78,21.39,16.7,16.7,16.4,16.42,16.76,-0.34,-2.0286,27893.0,45969.618,1.27
603958.SH,20250730,4.4,31.2,16.4,16.4,18.0,19.2,19.6,17.75,3.1,16.25,16.49,16.2,16.31,16.42,-0.11,-0.6699,23743.0,38661.782,1.08
603958.SH,20250731,4.4,31.2,16.4,16.4,17.6,18.8,19.6,17.71,4.03,16.31,16.57,16.25,16.31,16.31,0.0,0.0,24832.0,40573.641,1.13
603958.SH,20250801,4.4,31.2,16.4,16.4,17.6,18.8,19.6,17.65,39.12,16.38,17.37,16.24,17.0,16.31,0.69,4.2305,71182.0,119758.96,3.24
603958.SH,20250804,4.4,31.2,16.4,16.4,17.6,18.8,19.6,17.62,25.45,16.9,16.92,16.57,16.71,17.0,-0.29,-1.7059,36781.0,61527.143,1.68
603958.SH,20250805,4.4,31.2,16.4,16.4,17.6,18.8,19.6,17.59,25.99,16.77,16.88,16.6,16.69,16.71,-0.02,-0.1197,31595.0,52830.065,1.44
603958.SH,20250806,4.4,31.2,16.4,16.4,17.2,18.8,19.6,17.55,44.55,16.61,16.91,16.48,16.89,16.69,0.2,1.1983,44543.0,74178.446,2.03
603958.SH,20250807,4.4,31.2,16.4,16.4,17.2,18.8,19.6,17.53,51.59,16.85,17.68,16.83,17.5,16.89,0.61,3.6116,86987.0,151267.329,3.97
603958.SH,20250808,4.4,31.2,16.4,16.4,17.2,18.8,19.6,17.52,40.48,17.3,17.46,17.1,17.16,17.5,-0.34,-1.9429,45500.0,78298.06,2.07
603958.SH,20250811,4.4,31.2,16.4,16.4,17.2,18.8,19.6,17.5,41.88,17.05,17.13,16.8,16.95,17.16,-0.21,-1.2238,44272.0,74840.61,2.02
603958.SH,20250812,4.4,31.2,16.4,16.4,17.2,18.8,19.6,17.48,42.77,17.05,17.05,16.8,16.9,16.95,-0.05,-0.295,29404.0,49703.859,1.34
603958.SH,20250813,4.4,31.2,16.4,16.4,17.2,18.8,19.6,17.47,43.66,16.9,17.1,16.8,16.96,16.9,0.06,0.355,29695.0,50350.83,1.35
603958.SH,20250814,4.4,31.2,16.4,16.4,17.2,18.8,19.6,17.44,22.25,17.06,17.06,16.47,16.51,16.96,-0.45,-2.6533,37717.72,62796.731,1.72
603958.SH,20250815,4.4,31.2,16.4,16.4,17.2,18.8,19.6,17.41,23.9,16.5,16.6,16.31,16.53,16.51,0.02,0.1211,27728.0,45649.385,1.26
603958.SH,20250818,4.4,31.2,16.4,16.4,17.2,18.4,19.6,17.39,24.55,16.75,16.83,16.52,16.56,16.53,0.03,0.1815,35598.0,59219.108,1.62
603958.SH,20250819,4.4,31.2,16.4,16.4,16.8,18.4,19.2,17.35,25.46,16.68,16.98,16.41,16.78,16.56,0.22,1.3285,51796.0,85945.775,2.36
603958.SH,20250820,4.4,31.2,16.4,16.4,17.2,18.4,19.2,17.34,48.81,16.64,17.77,16.6,17.07,16.78,0.29,1.7282,79034.78,136150.449,3.6
603958.SH,20250821,4.4,31.2,16.4,16.4,17.2,18.4,19.2,17.33,48.59,17.03,17.29,16.85,17.0,17.07,-0.07,-0.4101,47339.72,80758.325,2.16
603958.SH,20250822,4.4,31.2,16.4,16.4,17.2,18.4,19.2,17.31,49.9,16.97,17.18,16.8,17.16,17.0,0.16,0.9412,54762.72,92893.62,2.5
603958.SH,20250825,4.4,31.2,16.4,16.4,17.2,18.4,19.2,17.45,77.51,18.88,18.88,17.99,18.06,17.16,0.9,5.2448,165498.22,304415.888,7.54
603958.SH,20250826,4.4,31.2,16.4,16.4,17.2,18.4,19.2,17.46,53.31,17.8,17.88,17.51,17.57,18.06,-0.49,-2.7132,81388.0,143918.755,3.71
603958.SH,20250827,4.4,31.2,16.4,16.4,17.2,18.4,19.2,17.48,50.1,17.53,18.3,17.41,17.41,17.57,-0.16,-0.9106,78313.0,140002.55,3.57
603958.SH,20250828,4.4,31.2,16.4,16.8,17.6,18.4,19.2,17.5,65.52,17.11,18.44,17.05,17.84,17.41,0.43,2.4698,79542.0,140581.759,3.63
603958.SH,20250829,4.4,31.2,16.4,16.8,17.6,18.4,19.2,17.5,47.89,17.68,17.74,17.34,17.36,17.84,-0.48,-2.6906,52183.0,91423.554,2.38
603958.SH,20250901,4.4,31.2,16.4,16.8,17.6,18.4,19.2,17.49,31.74,17.17,17.51,17.15,17.19,17.36,-0.17,-0.9793,37675.22,65074.598,1.72
603958.SH,20250902,4.4,31.2,16.4,16.8,17.2,18.4,18.8,17.46,14.34,17.19,17.2,16.51,16.79,17.19,-0.4,-2.3269,44313.0,74419.566,2.02
603958.SH,20250903,4.4,31.2,16.4,16.4,17.2,18.4,18.8,17.43,15.38,16.83,16.98,16.43,16.79,16.79,0.0,0.0,37951.0,63491.101,1.73
603958.SH,20250904,4.4,31.2,16.4,16.8,17.2,18.4,18.8,17.43,53.47,17.3,17.68,17.06,17.22,16.79,0.43,2.561,66403.67,114920.335,3.03
603958.SH,20250905,4.4,31.2,16.4,16.8,17.2,18.0,18.8,17.4,35.3,16.95,17.21,16.6,17.05,17.22,-0.17,-0.9872,51598.0,87240.969,2.35
603958.SH,20250908,4.4,31.2,16.4,16.8,17.2,18.0,18.8,17.39,35.56,17.05,17.21,16.84,17.0,17.05,-0.05,-0.2933,33752.0,57297.517,1.54
603958.SH,20250909,4.4,31.2,16.4,16.8,17.2,18.0,18.8,17.38,13.75,17.0,17.03,16.75,16.8,17.0,-0.2,-1.1765,30077.0,50740.958,1.37
603958.SH,20250910,4.4,31.2,16.4,16.8,17.2,18.0,18.8,17.36,37.85,16.78,17.27,16.68,16.89,16.8,0.09,0.5357,36914.29,62504.656,1.68
603958.SH,20250911,4.4,31.2,16.4,16.8,17.2,18.0,18.8,17.34,39.71,16.83,16.9,16.65,16.88,16.89,-0.01,-0.0592,36494.18,61179.496,1.66
603958.SH,20250912,4.4,31.2,16.4,16.8,17.2,18.0,18.8,17.33,14.53,16.8,16.95,16.71,16.78,16.88,-0.1,-0.5924,28317.99,47641.212,1.29
603958.SH,20250915,4.4,31.2,16.4,16.4,17.2,18.0,18.8,17.31,15.3,16.79,16.85,16.51,16.6,16.78,-0.18,-1.0727,28507.0,47327.05,1.3
603958.SH,20250916,4.4,31.2,16.4,16.4,17.2,18.0,18.8,17.29,44.09,16.7,17.1,16.5,16.83,16.6,0.23,1.3855,43087.0,72484.971,1.96
603958.SH,20250917,4.4,31.2,16.4,16.4,17.2,18.0,18.8,17.26,16.31,16.81,17.03,16.6,16.67,16.83,-0.16,-0.9507,42119.0,70704.429,1.92
603958.SH,20250918,4.4,31.2,16.4,16.4,17.2,18.0,18.8,17.23,18.56,16.67,16.98,16.33,16.43,16.67,-0.24,-1.4397,53278.0,88366.577,2.43
603958.SH,20250919,4.4,31.2,16.4,16.4,17.2,18.0,18.8,17.2,2.93,16.38,16.58,16.01,16.1,16.43,-0.33,-2.0085,32610.0,52601.803,1.49
603958.SH,20250922,4.4,31.2,16.4,16.4,16.8,18.0,18.8,17.18,3.89,16.1,16.48,16.02,16.17,16.1,0.07,0.4348,25481.0,41266.545,1.16
603958.SH,20250923,4.4,31.2,16.0,16.4,16.8,18.0,18.8,17.09,2.9,16.11,16.11,15.1,15.45,16.17,-0.72,-4.4527,57174.0,88548.237,2.61
603958.SH,20250924,4.4,31.2,15.6,16.4,16.8,18.0,18.8,17.03,7.78,15.45,15.7,15.28,15.67,15.45,0.22,1.4239,38085.97,59103.179,1.74
603958.SH,20250925,4.4,31.2,15.6,16.4,16.8,18.0,18.8,17.01,9.24,15.8,15.93,15.6,15.64,15.67,-0.03,-0.1914,23765.0,37405.63,1.08
603958.SH,20250926,4.4,31.2,15.6,16.0,16.8,18.0,18.8,16.97,11.49,15.64,15.86,15.53,15.62,15.64,-0.02,-0.1279,31341.0,49332.593,1.43
603958.SH,20250929,4.4,31.2,15.2,16.0,16.8,18.0,18.4,16.92,14.08,15.66,15.67,15.2,15.62,15.62,0.0,0.0,34400.97,53291.61,1.57
603958.SH,20250930,4.4,31.2,15.2,15.6,16.8,18.0,18.4,16.89,6.46,15.59,15.68,15.42,15.44,15.62,-0.18,-1.1524,20859.0,32439.714,0.95
603958.SH,20251009,4.4,31.2,15.2,15.6,16.8,18.0,18.4,16.85,7.48,15.38,15.64,15.28,15.52,15.44,0.08,0.5181,29861.0,46179.758,1.36
603958.SH,20251010,4.4,31.2,15.2,15.6,16.8,17.6,18.4,16.83,19.24,15.5,15.7,15.4,15.61,15.52,0.09,0.5799,23731.0,37036.233,1.08
603958.SH,20251013,4.4,31.2,15.2,15.6,16.8,17.6,18.4,16.76,28.0,15.01,16.65,15.01,16.06,15.61,0.45,2.8828,74886.08,121642.696,3.41
603958.SH,20251014,4.4,31.2,15.2,15.6,16.8,17.6,18.4,16.74,20.4,16.16,16.5,15.9,15.92,16.06,-0.14,-0.8717,34069.0,54923.26,1.55
603958.SH,20251015,4.4,31.2,15.2,15.6,16.8,17.6,18.4,16.72,46.71,15.91,17.09,15.8,16.75,15.92,0.83,5.2136,82814.0,137521.585,3.78
603958.SH,20251016,4.4,31.2,15.2,15.6,16.8,17.6,18.4,16.71,28.34,16.75,16.87,16.26,16.33,16.75,-0.42,-2.5075,36029.0,59236.094,1.64
603958.SH,20251017,4.4,31.2,15.2,15.6,16.8,17.6,18.4,16.7,18.21,16.4,16.42,15.74,15.79,16.33,-0.54,-3.3068,30569.0,48979.707,1.39
603958.SH,20251020,4.4,31.2,15.2,15.6,16.8,17.6,18.4,16.68,18.67,16.01,16.1,15.66,15.75,15.79,-0.04,-0.2533,19683.0,31129.741,0.9
603958.SH,20251021,4.4,31.2,15.2,15.6,16.4,17.6,18.4,16.65,72.38,15.81,16.88,15.66,16.85,15.75,1.1,6.9841,101608.0,168539.39,4.63
603958.SH,20251022,4.4,31.2,15.2,15.6,16.8,17.6,18.4,16.67,71.84,16.79,17.41,16.6,16.92,16.85,0.07,0.4154,57767.0,98120.547,2.63
603958.SH,20251023,4.4,31.2,15.2,15.6,16.8,17.6,18.4,16.68,71.42,16.86,17.2,16.76,17.16,16.92,0.24,1.4184,47454.0,80696.683,2.16
603958.SH,20251024,4.4,31.2,15.2,16.0,16.8,17.6,18.4,16.72,84.01,17.03,17.58,17.03,17.28,17.16,0.12,0.6993,70997.0,123511.851,3.24
603958.SH,20251027,4.4,31.2,15.2,16.0,16.8,17.6,18.0,16.74,84.18,17.34,17.59,16.97,17.43,17.28,0.15,0.8681,63547.0,109696.178,2.9
603958.SH,20251028,4.4,31.2,15.6,16.0,16.8,17.6,18.0,16.75,64.3,17.43,17.43,16.77,16.91,17.43,-0.52,-2.9834,48840.0,82883.314,2.23
603958.SH,20251029,4.4,31.2,15.6,16.0,16.8,17.2,18.0,16.75,41.16,16.91,16.95,16.34,16.48,16.91,-0.43,-2.5429,39034.34,64601.354,1.78
603958.SH,20251030,4.4,31.2,15.6,16.0,16.8,17.2,18.0,16.73,23.16,16.47,16.47,16.15,16.31,16.48,-0.17,-1.0316,27235.0,44293.953,1.24
603958.SH,20251031,4.4,31.2,15.6,16.0,16.8,17.2,18.0,16.73,43.55,16.28,16.57,16.28,16.45,16.31,0.14,0.8584,25916.0,42560.032,1.18
603958.SH,20251103,4.4,31.2,15.6,16.0,16.8,17.2,18.0,16.72,44.35,16.56,16.56,16.3,16.48,16.45,0.03,0.1824,19960.54,32790.114,0.91
603958.SH,20251104,4.4,31.2,15.6,16.0,16.8,17.2,18.0,16.71,23.11,16.73,16.73,16.21,16.27,16.48,-0.21,-1.2743,18820.0,30693.761,0.86
603958.SH,20251105,4.4,31.2,15.6,16.0,16.8,17.2,18.0,16.71,22.93,16.27,16.64,16.17,16.38,16.27,0.11,0.6761,19469.0,32031.128,0.89
603958.SH,20251106,4.4,31.2,15.6,16.0,16.8,17.2,18.0,16.7,23.29,16.36,16.42,16.17,16.21,16.38,-0.17,-1.0379,18467.0,29958.259,0.84
603958.SH,20251107,4.4,31.2,15.6,16.0,16.8,17.2,18.0,16.69,23.76,16.29,16.62,16.11,16.31,16.21,0.1,0.6169,25035.0,40934.143,1.14
603958.SH,20251110,4.4,31.2,15.6,16.0,16.8,17.2,18.0,16.67,11.2,16.31,16.37,15.94,15.99,16.31,-0.32,-1.962,30307.0,48632.9,1.38
603958.SH,20251111,4.4,31.2,15.6,16.0,16.4,17.2,18.0,16.65,11.95,16.07,16.07,15.8,15.85,15.99,-0.14,-0.8755,24867.34,39522.749,1.13
603958.SH,20251112,4.4,31.2,15.6,16.0,16.4,17.2,18.0,16.63,12.69,15.93,16.17,15.76,15.9,15.85,0.05,0.3155,25050.0,39947.086,1.14
603958.SH,20251113,4.4,31.2,15.6,16.0,16.4,17.2,18.0,16.62,13.78,15.94,15.95,15.69,15.91,15.9,0.01,0.0629,19125.0,30243.583,0.87
603958.SH,20251114,4.4,31.2,15.6,16.0,16.4,17.2,18.0,16.61,14.35,15.98,16.13,15.9,15.9,15.91,-0.01,-0.0629,20422.0,32661.03,0.93
603958.SH,20251117,4.4,31.2,15.6,16.0,16.4,17.2,18.0,16.59,14.84,15.95,16.12,15.8,15.93,15.9,0.03,0.1887,18361.0,29360.312,0.84
603958.SH,20251118,4.4,31.2,15.6,16.0,16.4,17.2,18.0,16.57,34.4,15.98,16.36,15.9,16.3,15.93,0.37,2.3227,45518.0,73789.501,2.08
603958.SH,20251119,4.4,31.2,15.6,16.0,16.4,17.2,18.0,16.56,14.56,16.29,16.5,15.96,15.97,16.3,-0.33,-2.0245,32457.0,52292.15,1.48
603958.SH,20251120,4.4,31.2,15.6,15.6,16.4,17.2,18.0,16.54,36.58,15.95,16.11,15.8,16.1,15.97,0.13,0.814,25081.0,40019.806,1.14
603958.SH,20251121,4.4,31.2,15.6,15.6,16.4,17.2,18.0,16.49,4.74,16.09,16.13,15.25,15.27,16.1,-0.83,-5.1553,55868.0,86926.219,2.55
603958.SH,20251124,4.4,31.2,15.2,15.6,16.4,17.2,18.0,16.46,20.36,15.42,15.84,15.3,15.73,15.27,0.46,3.0124,30042.0,46821.518,1.37
603958.SH,20251125,4.4,31.2,15.2,15.6,16.4,17.2,18.0,16.45,42.03,15.8,16.59,15.74,16.16,15.73,0.43,2.7336,37096.0,60029.223,1.69
603958.SH,20251126,4.4,31.2,15.2,15.6,16.4,17.2,17.6,16.43,20.48,16.51,16.51,15.69,15.84,16.16,-0.32,-1.9802,53357.34,85346.925,2.43
603958.SH,20251127,4.4,31.2,15.2,15.6,16.4,17.2,17.6,16.4,22.59,15.77,15.97,15.6,15.62,15.84,-0.22,-1.3889,42292.0,66715.749,1.93
603958.SH,20251128,4.4,31.2,15.2,15.6,16.4,17.2,17.6,16.37,25.02,15.6,15.87,15.4,15.74,15.62,0.12,0.7682,37398.0,58267.535,1.7
603958.SH,20251201,4.4,31.2,15.2,15.6,16.4,17.2,17.6,16.37,46.35,16.09,16.84,16.0,16.11,15.74,0.37,2.3507,84334.0,137903.772,3.84
603958.SH,20251202,4.4,31.2,15.2,15.6,16.4,17.2,17.6,16.35,23.97,16.19,16.23,15.73,15.89,16.11,-0.22,-1.3656,44794.0,71129.803,2.04
603958.SH,20251203,4.4,31.2,15.2,15.6,16.4,17.2,17.6,16.34,24.49,15.99,16.1,15.78,15.84,15.89,-0.05,-0.3147,28896.0,45883.614,1.32
603958.SH,20251204,4.4,31.2,15.2,15.6,16.0,17.2,17.6,16.33,25.04,15.73,16.05,15.6,15.94,15.84,0.1,0.6313,31140.0,49384.986,1.42
603958.SH,20251205,4.4,31.2,15.2,15.6,16.0,17.2,17.6,16.31,52.02,15.79,16.18,15.7,16.14,15.94,0.2,1.2547,32873.23,52515.523,1.5
603958.SH,20251208,4.4,31.2,15.2,15.6,16.0,17.2,17.6,16.31,52.59,16.21,16.33,16.1,16.15,16.14,0.01,0.062,27302.0,44194.294,1.24
603958.SH,20251209,4.4,31.2,15.2,15.6,16.0,16.8,17.6,16.31,72.76,16.16,16.5,16.01,16.49,16.15,0.34,2.1053,41950.0,68621.303,1.91
603958.SH,20251210,4.4,31.2,15.6,15.6,16.0,16.8,17.6,16.31,51.95,16.38,16.61,16.2,16.3,16.49,-0.19,-1.1522,38495.0,63009.146,1.75
603958.SH,20251211,4.4,31.2,15.2,15.6,16.0,16.8,17.6,16.25,7.82,16.43,16.43,15.1,15.21,16.3,-1.09,-6.6871,93689.0,144440.532,4.27
603958.SH,20251212,4.4,31.2,15.2,15.6,16.0,16.8,17.6,16.2,3.5,15.14,15.14,14.63,14.89,15.21,-0.32,-2.1039,32956.0,48975.343,1.5
603958.SH,20251215,4.4,31.2,14.8,15.6,16.0,16.8,17.6,16.14,1.03,14.0,14.0,13.4,13.4,14.89,-1.49,-10.0067,27342.0,36833.348,1.25
603958.SH,20251216,4.4,31.2,12.8,15.2,16.0,16.8,17.6,15.89,5.1,13.07,13.35,12.77,12.93,13.4,-0.47,-3.5075,85158.53,110997.661,3.88
603958.SH,20251217,4.4,31.2,12.4,13.2,16.0,16.8,17.2,15.57,12.85,12.81,13.38,12.33,12.85,12.93,-0.08,-0.6187,111355.53,141408.899,5.08
603958.SH,20251218,4.4,31.2,12.4,13.2,16.0,16.8,17.2,15.31,20.46,12.86,14.14,12.73,13.4,12.85,0.55,4.2802,133658.8,183157.62,6.09
603958.SH,20251219,4.4,31.2,12.4,12.8,15.6,16.8,17.2,15.09,19.9,13.0,13.04,12.67,12.95,13.4,-0.45,-3.3582,99921.0,128817.499,4.56
603958.SH,20251222,4.4,31.2,12.4,12.8,15.6,16.4,17.2,14.99,22.75,12.9,12.96,12.79,12.83,12.95,-0.12,-0.9266,46247.0,59517.835,2.11
603958.SH,20251223,4.4,31.2,12.4,12.8,15.6,16.4,17.2,14.9,7.67,12.85,12.88,12.48,12.52,12.83,-0.31,-2.4162,43705.0,55006.017,1.99
603958.SH,20251224,4.4,31.2,12.4,12.8,15.6,16.4,17.2,14.8,9.22,12.45,12.93,12.42,12.76,12.52,0.24,1.9169,47088.0,59847.943,2.15
603958.SH,20251225,4.4,31.2,12.4,12.8,15.2,16.4,17.2,14.72,30.94,12.76,12.99,12.69,12.96,12.76,0.2,1.5674,45401.0,58570.748,2.07
603958.SH,20251226,4.4,31.2,12.4,12.8,15.2,16.4,17.2,14.65,32.57,12.95,13.18,12.87,12.88,12.96,-0.08,-0.6173,41161.0,53562.16,1.88
603958.SH,20251229,4.4,31.2,12.4,12.8,14.8,16.4,17.2,14.6,9.96,12.9,12.95,12.71,12.78,12.88,-0.1,-0.7764,30028.0,38405.442,1.37
,,,,,,,,,,,,,,,,,,,,1.42
